first_name,last_name,email,make,title,salary
Adam,Evans,adamdavid37@gmail.com,Lexus,Lead Planning Executive,55000.0
evin,Alexander,evincharlesalexander@yahoo.com,Ferrari,Lead Accountant,185000.0
Benjamin,Mitchell,benjamin_mitchell@aol.com,Buic,Associate Content Executive,215000.0
Sarah,Flores,sarah.flores@hotmail.com,Toyota,Accountant,45000.0
Daniel,Ross,danielross@live.com,Buic,Head Accounting Consultant,245000.0
Charles,Wood,charles.john.wood68@gmail.com,Dodge,Senior Development Specialist,55000.0
Tiffany,Murphy,tiffanymurphy@aol.com,MAZDA,Senior Mareting Specialist,55000.0
Mateo,Broos,mbroos@rocetmail.com,Chrysler,Assistant Brand Consultant,165000.0
David,Long,davidjlong66@aol.com,BMW,Senior Brand Specialist,145000.0
Theodore,Smith,theodore.r.smith@rocetmail.com,Plymouth,Principal Developer,165000.0
Victoria,Foster,vfoster@rocetmail.com,Dodge,Developer,75000.0
Olivia,Hernandez,oahernandez@outloo.com,Suzui,Junior Editing Specialist,35000.0
Olivia,Reed,oliviaareed@ymail.com,Toyota,Lead Development Consultant,95000.0
Owen,Williams,o_j_williams@hotmail.com,Hyundai,Assistant Brand Manager,55000.0
Samuel,Carter,sacarter@ymail.com,Toyota,Junior Finance Specialist,125000.0
Alexander,Taylor,amtaylor@outloo.com,Chevrolet,Operations Manager,75000.0
Brian,Hughes,brian_hughes@aol.com,ia,Planning Executive,105000.0
Aubrey,Coleman,ascoleman@yahoo.com,Dodge,Associate Brand Administrator,165000.0
Aaron,Miller,a.miller@gmail.com,Jeep,Planning Director,125000.0
Robert,Bryant,rwbryant@rocetmail.com,Dodge,Sales Rep,185000.0
Victoria,Lewis,v.lewis74@yahoo.com,GMC,Content Administrator,245000.0
Robert,Patterson,r.j@live.com,Dodge,Lead Accountant,65000.0
Steven,Price,steven.a.price84@gmail.com,Ford,Assistant Accounting Executive,165000.0
Taylor,Adams,tayloradams@yahoo.com,Chrysler,Budget Executive,145000.0
Jeremy,Hill,j.l.hill@ymail.com,Audi,Brand Executive,165000.0
Gabriel,Long,g_long@aol.com,ia,Editing Executive,145000.0
Eric,Adams,ericmatthew@outloo.com,Mitsubishi,Junior Strategist,215000.0
Anna,Roberts,anna_grace_roberts@hotmail.com,Jaguar,Finance Manager,55000.0
ayla,Gray,_r95@gmail.com,Porsche,Assistant Mareter,35000.0
Aaron,Torres,aaron.torres@live.com,Acura,Engineering Director,125000.0
Emily,Moore,emily_m_moore@rocetmail.com,Suzui,Lead Account Executive,125000.0
Patric,Martinez,patricmartinez95@rocetmail.com,Honda,Associate Content Specialist,75000.0
Jac,Foster,j_foster19@live.com,Honda,Content Specialist,185000.0
Timothy,Gray,timothy_francis_gray@live.com,GMC,Finance Administrator,125000.0
Owen,Jones,owenjones@gmail.com,MAZDA,Relations Manager,85000.0
Mateo,Roberts,m_l_roberts@aol.com,MAZDA,Engineer,85000.0
Danielle,Reed,danielle@gmail.com,Chevrolet,Head Service Specialist,55000.0
Courtney,Perez,courtney@rocetmail.com,GMC,Junior Brand Manager,185000.0
Aubrey,Taylor,aubrey.r.taylor@live.com,Hyundai,Finance Administrator,45000.0
Rachel,Butler,r_r_butler1@live.com,Buic,Head Operations Manager,55000.0
Mateo,Thompson,mateofrancisthompson@outloo.com,Mitsubishi,Associate Brand Manager,165000.0
Jennifer,Foster,j_f_foster@hotmail.com,Nissan,Junior Research Specialist,125000.0
Gabriel,Alexander,gabriel.alexander@hotmail.com,Subaru,Assistant Relations Executive,125000.0
Daniel,Carter,danielcarter@aol.com,Plymouth,Head Planning Executive,35000.0
elsey,Carter,elsey@outloo.com,Toyota,Research Administrator,165000.0
Adam,Perez,aperez@aol.com,INFINITI,Associate Account Manager,165000.0
Heather,Long,hlong@live.com,Nissan,Brand Executive,55000.0
Natalie,Gray,natalie_gray@ymail.com,Mercedes-Benz,Assistant Service Administrator,145000.0
Mateo,Perry,mateo_perry23@rocetmail.com,Dodge,Head Content Director,45000.0
Natalie,Garcia,natalie_jean_garcia@ymail.com,Mercedes-Benz,Analyst,45000.0
Chelsea,Morgan,chelsea56@yahoo.com,BMW,Principal Research Director,245000.0
Rebecca,Brown,rebeccabrown@gmail.com,BMW,Service Executive,55000.0
Charles,Green,charlesdgreen@hotmail.com,Nissan,Sales Administrator,215000.0
Amanda,Young,amandaryoung@gmail.com,Isuzu,Editing Executive,45000.0
Nicholas,Hayes,nicholas_hayes@outloo.com,Mercedes-Benz,Finance Director,215000.0
Danielle,Wilson,danielle@aol.com,Toyota,Associate Budget Executive,35000.0
Richard,Reed,r_a_reed24@gmail.com,Pontiac,Sales Consultant,245000.0
Andrew,Adams,andrew.c.adams@outloo.com,Plymouth,Assistant Accounting Director,145000.0
Samantha,Evans,samantha.evans54@live.com,Toyota,Head Development Executive,75000.0
Samuel,Scott,slscott@gmail.com,Acura,Associate Research Executive,85000.0
Thomas,Hayes,t_hayes@gmail.com,GMC,Head Engineering Specialist,65000.0
Stephanie,Martinez,smmartinez@rocetmail.com,Mercedes-Benz,Junior Brand Director,85000.0
Zachary,ing,zaing74@outloo.com,Volvo,Service Executive,45000.0
John,Hall,john_hall@hotmail.com,Nissan,Principal Service Consultant,95000.0
ayla,Clar,ayla.m.clar@ymail.com,GMC,Assistant Sales Rep,245000.0
Tyler,Thompson,tyler_anthony_thompson@ymail.com,Dodge,Strategist,95000.0
Eleanor,Green,eleanor.mary.green8@ymail.com,Mercedes-Benz,Account Consultant,45000.0
Aiden,Allen,aidenrallen@live.com,Mitsubishi,Assistant Operations Executive,215000.0
Brittany,Lee,brittany_s_lee94@aol.com,Volswagen,Finance Consultant,165000.0
elsey,James,_j_james@rocetmail.com,Audi,Strategy Executive,285000.0
Allison,Rogers,allison_j_rogers43@gmail.com,Nissan,Associate Sales Administrator,75000.0
Taylor,Smith,tsmith@gmail.com,INFINITI,Principal Sales Rep,45000.0
Jennifer,Coo,jcoo41@gmail.com,Toyota,Senior Engineer,35000.0
Jasmine,Adams,jasmine_adams@hotmail.com,Ford,Assistant Editor,285000.0
Joshua,Baer,joshua_baer@live.com,Audi,Customer Care Manager,45000.0
Ava,Jacson,a.jacson@outloo.com,Rolls-Royce,Assistant Brand Executive,75000.0
Dylan,Sanders,d_a_sanders@hotmail.com,GMC,Relations Manager,165000.0
Claire,Hall,c.hall@ymail.com,Audi,Senior Account Director,165000.0
Nathan,Evans,nathanjevans@hotmail.com,GMC,Head Engineer,35000.0
Layla,Patterson,l_j_patterson@aol.com,Subaru,Associate Operations Manager,105000.0
Julian,Jones,julian.wayne.jones40@live.com,Aston Martin,Account Executive,35000.0
Benjamin,Garcia,bhgarcia@rocetmail.com,Lincoln,Lead Research Consultant,65000.0
Brian,Rivera,brian_rivera76@outloo.com,Hyundai,Senior Accounting Executive,145000.0
Stephen,Carter,s_carter@ymail.com,Ford,Lead Development Executive,125000.0
Courtney,Cox,c_r_cox@rocetmail.com,Mercedes-Benz,Customer Care Director,185000.0
Mateo,Reed,m_reed31@yahoo.com,GMC,Junior Account Specialist,215000.0
Michelle,Perry,m.m@yahoo.com,Subaru,Brand Consultant,55000.0
Benjamin,elly,b_elly@live.com,Ford,Development Executive,85000.0
Brian,Nelson,brian_nelson@gmail.com,Chevrolet,Planning Consultant,105000.0
Tiffany,Long,tiffany@gmail.com,BMW,Account Administrator,145000.0
Jason,Campbell,jason@rocetmail.com,Chevrolet,Service Manager,35000.0
Jose,Barnes,josewbarnes8@rocetmail.com,Nissan,Principal Sales Specialist,215000.0
Haley,ing,haley.ing@live.com,Suzui,Customer Care Consultant,85000.0
Stephen,Miller,s_t_miller@rocetmail.com,Volvo,Research Consultant,85000.0
Amelia,Coleman,amelia.coleman65@live.com,Honda,Content Administrator,185000.0
Brianna,Bell,briannai1@outloo.com,Geo,Lead Mareter,105000.0
Tiffany,Alexander,talexander@live.com,Toyota,Principal Customer Care Administrator,35000.0
Alexander,Edwards,alexander.edwards@hotmail.com,Audi,Finance Consultant,185000.0
Audrey,Ramirez,audrey.lou@yahoo.com,Chevrolet,Associate Operations Manager,105000.0
Isaac,Martinez,isaac.a.martinez@outloo.com,Toyota,Associate Planning Executive,245000.0
Isabella,Wilson,iwilson@gmail.com,Nissan,Sales Director,45000.0
Courtney,Waler,cwaler@gmail.com,Cadillac,Sales Rep,145000.0
Hannah,Foster,hrfoster@ymail.com,BMW,Planning Administrator,145000.0
evin,Mitchell,_mitchell@yahoo.com,Chevrolet,Associate Relations Administrator,145000.0
Nicholas,Reed,nicholas_reed@hotmail.com,Ford,Accounting Specialist,95000.0
Lillian,Jones,lillianlynnjones6@ymail.com,Buic,Sales Consultant,55000.0
Sofia,Powell,sofia.powell60@aol.com,Subaru,Senior Content Specialist,85000.0
Erin,Williams,erin_faith_williams@yahoo.com,Chevrolet,Sales Administrator,55000.0
Natalie,Washington,natalie.washington@aol.com,Ford,Senior Brand Consultant,105000.0
Amelia,Jones,amelia_jones@rocetmail.com,BMW,Head Support Executive,45000.0
Daniel,Coleman,d_coleman@live.com,Dodge,Customer Care Administrator,215000.0
Megan,Waler,m_waler72@ymail.com,Ford,Research Director,55000.0
yle,Sanchez,.sanchez@rocetmail.com,Jeep,Head Engineering Administrator,35000.0
Anthony,Diaz,anthony.diaz14@rocetmail.com,Freightliner,Service Administrator,165000.0
Samantha,Roberts,s_g_roberts@gmail.com,Ford,Assistant Relations Director,245000.0
Isaac,Henderson,isaachenderson@rocetmail.com,MAZDA,Head Sales Rep,215000.0
Eleanor,Young,eleanor_f_young@gmail.com,Ferrari,Engineer,215000.0
Steven,Wood,s_t@rocetmail.com,Mitsubishi,Account Manager,65000.0
Ava,Smith,a_l95@ymail.com,BMW,Strategy Specialist,55000.0
Abigail,Hernandez,a.r.hernandez1@rocetmail.com,Volvo,Assistant Research Consultant,45000.0
atherine,Rodriguez,_r_rodriguez@ymail.com,Chevrolet,Principal Strategy Executive,55000.0
Stephen,Lewis,stephen_lewis@ymail.com,Acura,Mareter,125000.0
Evelyn,Adams,evelyn.adams73@aol.com,Maserati,Associate Finance Manager,245000.0
Charlotte,Morgan,c_l@rocetmail.com,MINI,Junior Strategy Manager,185000.0
Anna,Gonzales,anna_rose_gonzales18@hotmail.com,Chevrolet,Account Manager,75000.0
Sarah,Wilson,sarahruthwilson@rocetmail.com,MAZDA,Senior Relations Administrator,35000.0
Courtney,Foster,cmfoster@live.com,Ram,Analyst,75000.0
Lillian,ing,ling@hotmail.com,Lexus,Principal Strategy Consultant,125000.0
Amanda,Howard,amandahoward34@rocetmail.com,Hyundai,Lead Engineering Specialist,185000.0
Stephanie,Ramirez,s_ramirez80@live.com,Dodge,Assistant Account Executive,165000.0
Ava,Robinson,a_robinson@rocetmail.com,Mitsubishi,Senior Operations Executive,65000.0
Charles,Wright,charles_l_wright@hotmail.com,Volvo,Editor,65000.0
Elizabeth,Diaz,elizabethdiaz@aol.com,Honda,Planning Executive,105000.0
Heather,Torres,heather_m_torres@outloo.com,Ford,Planning Manager,55000.0
Evelyn,Parer,evelyn@yahoo.com,Lexus,Brand Consultant,35000.0
Ethan,Jenins,e_jenins64@aol.com,Chevrolet,Assistant Relations Executive,65000.0
Sara,Hayes,sara_hayes@yahoo.com,Chevrolet,Assistant Planning Director,45000.0
Owen,Reed,o.w.reed42@rocetmail.com,Oldsmobile,Relations Executive,75000.0
Owen,Turner,oaturner65@rocetmail.com,Aston Martin,Developer,145000.0
Jose,White,j_a_white@ymail.com,Oldsmobile,Associate Strategy Manager,285000.0
Lillian,Cooper,lillian_i_cooper2@rocetmail.com,MAZDA,Lead Sales Rep,125000.0
Audrey,Flores,audrey@yahoo.com,Chevrolet,Senior Planning Specialist,165000.0
Sara,Coo,sararose@yahoo.com,Mercedes-Benz,Service Executive,245000.0
Jonathan,Harris,jonathan_harris@aol.com,ia,Research Executive,85000.0
Sean,Flores,s_e@rocetmail.com,ia,Associate Customer Care Specialist,95000.0
Melissa,Evans,melissa.jean.evans@hotmail.com,Cadillac,Content Administrator,165000.0
Alexis,Cooper,alexisdcooper@outloo.com,Chevrolet,Planning Executive,215000.0
Joseph,Clar,j.c.clar95@gmail.com,HUMMER,Assistant Accountant,85000.0
Allison,Washington,a.m.washington@yahoo.com,Ford,Analyst,55000.0
Isaac,Hayes,ijhayes76@gmail.com,Land Rover,Senior Strategist,185000.0
Nathan,Rogers,nrogers@hotmail.com,Ford,Junior Research Consultant,145000.0
Stephanie,Hill,s_hill@yahoo.com,Chrysler,Service Manager,105000.0
James,Baer,j.m@aol.com,Mercedes-Benz,Principal Content Administrator,85000.0
Aaron,Brown,aaron_a_brown@gmail.com,Mitsubishi,Support Specialist,285000.0
Aubrey,Hall,a.r56@hotmail.com,Subaru,Service Director,245000.0
aitlyn,Long,llong@live.com,Cadillac,Principal Brand Manager,245000.0
Sebastian,Allen,swallen@rocetmail.com,Mercedes-Benz,Customer Care Consultant,45000.0
Abigail,Johnson,ajohnson@ymail.com,Jeep,Assistant Support Manager,285000.0
Samuel,Bailey,s.e.bailey@outloo.com,Mitsubishi,Operations Director,35000.0
yle,Washington,yle_h_washington@rocetmail.com,Lotus,Assistant Mareting Manager,285000.0
John,Mitchell,j.mitchell@yahoo.com,Mitsubishi,Head Brand Executive,245000.0
Maria,Ross,mross4@hotmail.com,Chevrolet,Editing Manager,35000.0
Owen,Collins,owenrcollins@yahoo.com,INFINITI,Junior Customer Care Director,55000.0
Sophia,Lee,sophia@outloo.com,Buic,Junior Sales Administrator,185000.0
Aiden,Martin,a_martin@live.com,BMW,Junior Content Director,215000.0
Sophia,Richardson,s.m.richardson@outloo.com,Hyundai,Planning Director,35000.0
Elizabeth,Parer,elizabethlparer@ymail.com,Lexus,Head Engineering Specialist,105000.0
Emma,Harris,emma.harris65@hotmail.com,GMC,Budget Manager,215000.0
Elizabeth,elly,elizabeth_irene_elly@gmail.com,INFINITI,Mareter,105000.0
Erin,Campbell,erin.@outloo.com,Mitsubishi,Assistant Brand Consultant,35000.0
Alexandra,Price,alprice@hotmail.com,Chevrolet,Support Manager,65000.0
Samuel,Taylor,samuel_allen@live.com,Volswagen,Sales Director,145000.0
Matthew,Bennett,m.f.bennett@hotmail.com,Audi,Assistant Service Administrator,85000.0
Tiffany,Ross,tiffany_s_ross@hotmail.com,Pontiac,Engineering Director,145000.0
Michael,Butler,michael_d_butler@hotmail.com,Dodge,Engineering Director,75000.0
Courtney,Harris,courtney.harris@aol.com,Audi,Engineering Executive,55000.0
Emily,Campbell,emily.r.campbell@live.com,MINI,Lead Service Manager,285000.0
Aaron,Moore,aaron@live.com,Dodge,Research Administrator,145000.0
Olivia,Allen,olivia_allen32@gmail.com,Tesla,Principal Operations Administrator,85000.0
Nathan,Waler,nathanleewaler10@live.com,Toyota,Assistant Support Consultant,55000.0
Richard,Edwards,r.w.edwards@ymail.com,Ford,Head Developer,35000.0
Brian,Alexander,b_a@aol.com,Nissan,Head Development Executive,285000.0
Nicholas,Jones,n_m@outloo.com,Mercedes-Benz,Senior Budget Manager,165000.0
Maria,ing,m.e.ing63@ymail.com,Plymouth,Engineer,75000.0
Thomas,Washington,t.m.washington22@rocetmail.com,GMC,Principal Engineer,145000.0
Thomas,Phillips,t.phillips@outloo.com,Mercedes-Benz,Lead Engineer,95000.0
Sofia,Bailey,sofiadawnbailey@aol.com,Jeep,Service Consultant,165000.0
Brandon,Turner,brandonturner67@yahoo.com,Ram,Junior Mareting Specialist,35000.0
Robert,Simmons,r.simmons@gmail.com,Honda,Principal Content Manager,125000.0
Jonathan,Hayes,j.hayes96@rocetmail.com,INFINITI,Budget Manager,45000.0
Heather,Thomas,heather_thomas@gmail.com,Ford,Principal Relations Executive,85000.0
ayla,Phillips,ayla_l_phillips50@ymail.com,Ford,Editor,245000.0
Nicole,Rodriguez,nrodriguez@yahoo.com,GMC,Budget Director,35000.0
Layla,Watson,l_r_watson@gmail.com,Ford,Engineering Administrator,105000.0
Allison,Perry,a.perry18@outloo.com,Suzui,Analyst,105000.0
Victoria,Parer,v.parer@rocetmail.com,GMC,Account Administrator,185000.0
Alyssa,Bennett,a.a@gmail.com,Ford,Operations Executive,185000.0
Richard,Stewart,r.stewart@aol.com,GMC,Lead Analyst,125000.0
Christopher,ing,c.ing34@gmail.com,Nissan,Associate Accounting Consultant,65000.0
Claire,Roberts,c_e_roberts@rocetmail.com,BMW,Associate Brand Executive,165000.0
Steven,Green,steven.joseph.green@outloo.com,Audi,Assistant Editing Director,55000.0
Joshua,Robinson,jrobinson@ymail.com,Oldsmobile,Budget Specialist,125000.0
Thomas,Hughes,thomasahughes@yahoo.com,BMW,Principal Content Specialist,75000.0
Jac,Allen,jac.allen@gmail.com,Land Rover,Mareting Executive,185000.0
Justin,Hill,justin@live.com,Nissan,Budget Manager,45000.0
Jonathan,Rodriguez,j.s.rodriguez69@yahoo.com,MAZDA,Assistant Accountant,245000.0
Samuel,Price,samueljprice@outloo.com,Jeep,Associate Support Manager,215000.0
Austin,ing,a_j@outloo.com,Audi,Customer Care Manager,145000.0
Lillian,Nelson,l_a_nelson@aol.com,Jeep,Service Specialist,125000.0
Grace,Broos,g_broos@outloo.com,Mercedes-Benz,Senior Editing Consultant,145000.0
Alyssa,Torres,alyssa_l_torres37@gmail.com,Toyota,Head Planning Executive,245000.0
Nicole,Thompson,n_g_thompson@outloo.com,Lexus,Content Specialist,185000.0
Henry,Gray,henry.robert.gray@yahoo.com,Toyota,Principal Content Manager,45000.0
Sophia,Davis,sophia_grace_davis@ymail.com,Toyota,Principal Accountant,55000.0
Amanda,Patterson,apatterson92@yahoo.com,Chevrolet,Lead Engineer,145000.0
Gabriel,Ramirez,g_e_ramirez@live.com,Buic,Junior Support Director,215000.0
Samuel,Miller,samuel_g_miller@hotmail.com,Cadillac,Head Sales Rep,165000.0
Andrew,Watson,a.watson@gmail.com,Chevrolet,Relations Director,285000.0
David,Campbell,david_lee_campbell@yahoo.com,GMC,Junior Support Manager,85000.0
Amber,Washington,awashington@ymail.com,Mercedes-Benz,Senior Engineering Administrator,85000.0
Ethan,Clar,ethan_clar@rocetmail.com,Lamborghini,Assistant Research Manager,215000.0
Isaac,Thompson,isaac78@ymail.com,Nissan,Editing Executive,75000.0
Laura,Hill,lhill@ymail.com,Nissan,Junior Accounting Specialist,145000.0
Steven,Parer,steven.a.parer@hotmail.com,Nissan,Head Customer Care Manager,285000.0
Ethan,Nelson,e_m_nelson20@rocetmail.com,Saturn,Support Specialist,45000.0
Tyler,Carter,t_carter66@rocetmail.com,Acura,Strategist,85000.0
Eleanor,Hall,eleanor_m_hall63@gmail.com,Volvo,Support Director,95000.0
Benjamin,Allen,benjamin_richard_allen@yahoo.com,Volvo,Service Executive,105000.0
Adam,Wright,a_m_wright96@aol.com,Chevrolet,Operations Director,165000.0
Danielle,Howard,danielle.howard@gmail.com,Mitsubishi,Content Manager,55000.0
Elizabeth,Parer,e_m_parer@rocetmail.com,Cadillac,Associate Content Director,285000.0
Michael,Reed,m.reed40@yahoo.com,Lincoln,Lead Planning Consultant,35000.0
Tiffany,Parer,tmparer@rocetmail.com,GMC,Account Administrator,75000.0
Jonathan,Jenins,j.jenins@rocetmail.com,Buic,Mareting Manager,55000.0
Brianna,Mitchell,brianna.mitchell@live.com,Lincoln,Customer Care Administrator,45000.0
Eric,Baer,ericbaer@hotmail.com,BMW,Assistant Support Administrator,285000.0
Samantha,Campbell,samanthajcampbell@gmail.com,Cadillac,Principal Analyst,215000.0
Aubrey,Allen,aaallen@live.com,Acura,Lead Finance Consultant,145000.0
Ethan,Young,eyoung@ymail.com,Chrysler,Content Specialist,85000.0
Matthew,Waler,m.waler@ymail.com,Dodge,Research Administrator,65000.0
Sean,Perez,s_w_perez@gmail.com,Plymouth,Junior Developer,245000.0
Joseph,Broos,j_broos@hotmail.com,Chevrolet,Lead Operations Administrator,55000.0
Oliver,Price,oliver_price@yahoo.com,Buic,Content Consultant,75000.0
Amber,Bryant,ambermbryant@rocetmail.com,Ford,Planning Director,45000.0
Aubrey,Rogers,a.d@outloo.com,INFINITI,Assistant Engineer,35000.0
Laura,Lewis,laura_s19@outloo.com,Chevrolet,Junior Brand Specialist,185000.0
Alexander,Waler,aawaler@live.com,Volswagen,Senior Accounting Director,215000.0
Elizabeth,ing,elizabeth_may_ing@rocetmail.com,Toyota,Operations Manager,185000.0
Laura,Ramirez,laura@live.com,Ram,Principal Relations Director,215000.0
Adam,Taylor,ataylor@yahoo.com,GMC,Editing Manager,185000.0
atherine,Lopez,rlopez@rocetmail.com,Toyota,Support Manager,75000.0
Sara,Mitchell,s.mitchell@aol.com,Chevrolet,Editor,165000.0
Aaron,Hughes,aehughes@rocetmail.com,Jeep,Lead Account Administrator,285000.0
Adam,Carter,a_l_carter@outloo.com,Porsche,Principal Strategy Executive,165000.0
Matthew,Harris,m_c_harris@yahoo.com,Toyota,Finance Manager,65000.0
Nicholas,Garcia,nicholasgarcia@rocetmail.com,Toyota,Assistant Editing Executive,65000.0
Laura,Ross,lross16@live.com,GMC,Sales Rep,75000.0
Amber,Green,amber_m_green@live.com,Ford,Development Consultant,55000.0
Michael,Hernandez,michael_t@rocetmail.com,Ford,Head Operations Specialist,95000.0
evin,Bell,bell@gmail.com,Chevrolet,Sales Administrator,245000.0
Melissa,Sanders,melissasanders@aol.com,Maserati,Planning Manager,105000.0
Daniel,Coo,d_j_coo@live.com,Chevrolet,Analyst,125000.0
Evelyn,elly,evelyn_elly@ymail.com,Lexus,Support Specialist,165000.0
Elizabeth,Collins,elizabeth.collins@hotmail.com,Buic,Operations Manager,55000.0
Patric,Hughes,patric_thomas_hughes@gmail.com,Ford,Head Finance Administrator,95000.0
Richard,Ross,r.ross@ymail.com,Pontiac,Customer Care Director,245000.0
Alexander,Perez,alexanderperez@live.com,Hyundai,Budget Administrator,95000.0
Courtney,Rivera,courtney.rivera82@hotmail.com,Toyota,Service Director,45000.0
Thomas,Jones,t.c.jones@aol.com,Chevrolet,Principal Finance Consultant,165000.0
Charles,Brown,cr@rocetmail.com,BMW,Junior Relations Executive,165000.0
Michelle,Stewart,michelle.lynn.stewart@hotmail.com,MAZDA,Brand Director,125000.0
Grace,Edwards,grace_michelle_edwards84@gmail.com,Lexus,Content Administrator,285000.0
Anna,Robinson,anna.l.robinson@aol.com,Lincoln,Head Planning Administrator,245000.0
Aaron,Smith,a.smith@gmail.com,ia,Head Content Specialist,165000.0
Rebecca,Price,rmprice@rocetmail.com,Chevrolet,Content Executive,45000.0
James,Nelson,j.nelson@yahoo.com,Acura,Principal Engineer,75000.0
Nicole,Green,ngreen@hotmail.com,Audi,Lead Relations Executive,75000.0
Allison,Robinson,arobinson@live.com,Freightliner,Head Strategy Director,95000.0
Eleanor,Jacson,eleanorjacson68@yahoo.com,Jaguar,Assistant Account Executive,45000.0
Matthew,Lewis,matthew_l_lewis@outloo.com,Toyota,Associate Research Manager,165000.0
Allison,Hernandez,allison.hernandez@ymail.com,Ferrari,Account Manager,245000.0
John,Anderson,john.c.anderson@outloo.com,Chevrolet,Principal Support Specialist,185000.0
Amanda,Miller,a.miller@live.com,Chevrolet,Budget Specialist,35000.0
Oliver,Martinez,o_martinez@hotmail.com,Nissan,Service Executive,35000.0
Robert,Perez,robert61@ymail.com,GMC,Junior Analyst,215000.0
Ryan,Bell,r_w_bell@gmail.com,Honda,Analyst,285000.0
Robert,Ward,robert.e.ward79@aol.com,Subaru,Research Executive,85000.0
Joshua,Bailey,j.bailey@gmail.com,Ford,Strategy Specialist,185000.0
atherine,Young,atherine_renee_young88@gmail.com,Dodge,Customer Care Administrator,85000.0
Andrew,Williams,arwilliams@ymail.com,Chevrolet,Associate Relations Administrator,105000.0
Aaron,Gonzales,a_gonzales@rocetmail.com,Volvo,Lead Customer Care Administrator,95000.0
John,Taylor,j_taylor@rocetmail.com,Chevrolet,Principal Accountant,125000.0
Patric,Watson,p_c_watson@outloo.com,Nissan,Engineering Director,65000.0
Samuel,Coleman,samuelalancoleman@live.com,Mercedes-Benz,Strategist,125000.0
Anna,Jenins,anna.jenins@hotmail.com,Mercedes-Benz,Assistant Sales Administrator,55000.0
Brandon,Morgan,b.m.morgan@hotmail.com,Nissan,Planning Consultant,185000.0
Brittany,Diaz,brittany.r.diaz@ymail.com,Ford,Planning Specialist,165000.0
Jac,Henderson,j_henderson@yahoo.com,GMC,Senior Analyst,65000.0
Hannah,Harris,h.r@aol.com,Audi,Editing Consultant,285000.0
Jac,Morris,j_morris@live.com,Volswagen,Principal Finance Consultant,125000.0
Austin,Perez,aperez@ymail.com,MAZDA,Customer Care Consultant,55000.0
Jac,Lee,jac36@gmail.com,Audi,Operations Director,285000.0
Charles,Martinez,charles41@ymail.com,HUMMER,Editor,125000.0
Alyssa,ing,alyssaing@yahoo.com,Chevrolet,Senior Planning Specialist,245000.0
yle,Alexander,.l.alexander@outloo.com,Subaru,Assistant Operations Consultant,165000.0
Jeremy,Bennett,jeremy_bennett@outloo.com,Mercedes-Benz,Strategist,285000.0
Henry,Cox,henry_j43@rocetmail.com,Mitsubishi,Operations Manager,215000.0
Joseph,Evans,j.r.evans@aol.com,Dodge,Brand Executive,145000.0
Ashley,Hughes,ashley_m_hughes@gmail.com,Oldsmobile,Head Accounting Administrator,35000.0
Anthony,Patterson,anthony_lee@outloo.com,MAZDA,Content Administrator,55000.0
Justin,Davis,justin.michael.davis@yahoo.com,Hyundai,Account Director,85000.0
Matthew,Edwards,matthew.andrew.edwards@ymail.com,GMC,Assistant Account Specialist,185000.0
Alexis,Bennett,a_e_bennett@yahoo.com,INFINITI,Principal Brand Administrator,245000.0
Timothy,Coo,timothycoo@yahoo.com,Dodge,Customer Care Director,145000.0
Oliver,Harris,o.harris97@aol.com,Dodge,Junior Research Director,35000.0
Emma,Rogers,emmarogers@yahoo.com,Volswagen,Finance Administrator,285000.0
Samuel,Rivera,samuel_rivera@yahoo.com,Lincoln,Planning Consultant,285000.0
Julian,Gray,juliananthonygray@hotmail.com,Chrysler,Lead Support Executive,45000.0
yle,Harris,yle_harris25@rocetmail.com,Ford,Head Content Director,245000.0
Samuel,Griffin,samuel_anthony_griffin@aol.com,Land Rover,Junior Service Director,35000.0
Victoria,Baer,vfbaer@ymail.com,Audi,Engineering Director,65000.0
aitlyn,Cooper,_r_cooper@outloo.com,INFINITI,Principal Research Specialist,185000.0
Stephen,Turner,s.f@rocetmail.com,Dodge,Principal Finance Administrator,285000.0
Brandon,Sanchez,b_j_sanchez@outloo.com,Lexus,Sales Rep,185000.0
Amber,Evans,amber.g.evans@yahoo.com,Ram,Assistant Developer,165000.0
Megan,Bennett,m_s_bennett65@gmail.com,Honda,Head Planning Consultant,285000.0
Rebecca,Nelson,rebecca_nelson@outloo.com,Chevrolet,Junior Planning Manager,95000.0
Lauren,Murphy,l_n_murphy76@yahoo.com,Bentley,Associate Operations Administrator,145000.0
Brandon,Rodriguez,brandon_r_rodriguez@aol.com,Ford,Associate Engineering Manager,285000.0
Jason,Stewart,jasonandrewstewart@live.com,Mercury,Junior Content Director,105000.0
Megan,Hernandez,megan.hernandez@hotmail.com,Mercedes-Benz,Development Manager,35000.0
William,Harris,weharris@outloo.com,Mitsubishi,Associate Customer Care Executive,165000.0
Daniel,Morgan,danielmorgan@live.com,BMW,Budget Executive,185000.0
Benjamin,Miller,b.miller@outloo.com,Maybach,Principal Accountant,35000.0
Jac,Robinson,jac_robinson@aol.com,ia,Junior Operations Manager,125000.0
Sean,Lee,s_lee@ymail.com,Isuzu,Lead Sales Rep,165000.0
atherine,Wright,atherine.m.wright@hotmail.com,Lexus,Junior Engineer,185000.0
Jessica,Taylor,jessica.ann.taylor@yahoo.com,Dodge,Head Service Manager,85000.0
Stephen,Allen,sallen@rocetmail.com,GMC,Senior Accountant,125000.0
Andrew,Barnes,andrew@ymail.com,Volvo,Junior Account Specialist,145000.0
Danielle,Gonzales,d_m_gonzales@outloo.com,ia,Assistant Account Manager,45000.0
Joshua,Robinson,joshua.lee@live.com,MAZDA,Head Strategy Executive,35000.0
William,Jones,w.jones@yahoo.com,Pontiac,Mareter,45000.0
Jonathan,Scott,jonathanscott@ymail.com,MINI,Content Specialist,45000.0
Justin,Butler,j_a_butler@aol.com,Chrysler,Senior Accountant,105000.0
Amber,Moore,amoore@rocetmail.com,Ford,Junior Editing Manager,85000.0
Mateo,Lewis,mateolewis26@aol.com,GMC,Principal Analyst,245000.0
Oliver,Davis,oliverdavis@hotmail.com,Hyundai,Lead Accountant,105000.0
Chelsea,Cooper,chelsea_cooper8@live.com,Nissan,Customer Care Consultant,285000.0
Erin,Howard,e_r_howard@live.com,Ram,Engineer,185000.0
Grace,Rodriguez,gracerodriguez39@ymail.com,Toyota,Finance Executive,95000.0
Grace,Robinson,grobinson@yahoo.com,Hyundai,Brand Executive,145000.0
Theodore,Morris,theodorealan@aol.com,Ford,Budget Director,245000.0
Sofia,Campbell,sofiancampbell@gmail.com,Plymouth,Senior Budget Specialist,285000.0
Joseph,elly,j.c.elly@hotmail.com,Volswagen,Service Manager,165000.0
Richard,Clar,richardmclar@aol.com,MAZDA,Sales Rep,215000.0
Lauren,Murphy,laurenlmurphy@gmail.com,Volswagen,Assistant Account Executive,85000.0
Stephen,Henderson,s.henderson@ymail.com,Dodge,Lead Content Consultant,105000.0
Taylor,Torres,taylor_mae_torres@aol.com,Lincoln,Junior Editing Consultant,185000.0
Owen,Johnson,owenjohnson@ymail.com,Jeep,Service Consultant,45000.0
Alexis,Butler,a_m_butler@ymail.com,BMW,Lead Support Director,85000.0
Stephanie,Hayes,stephanie.hayes@gmail.com,Mercedes-Benz,Head Finance Manager,185000.0
evin,Sanchez,sanchez@aol.com,Jeep,Planning Specialist,85000.0
Brittany,Jones,bjones@outloo.com,Toyota,Editor,35000.0
Anthony,Hernandez,anthony.hernandez@live.com,Toyota,Account Specialist,85000.0
Charlotte,Coleman,c.m.coleman@aol.com,BMW,Junior Brand Administrator,185000.0
atherine,Rivera,atherine@rocetmail.com,Chrysler,Analyst,65000.0
David,Peterson,d_peterson@aol.com,Aston Martin,Junior Brand Executive,65000.0
Taylor,Washington,t.m.washington@ymail.com,Audi,Lead Support Director,55000.0
Charles,Allen,c.a.allen@outloo.com,GMC,Planning Executive,55000.0
Eleanor,Reed,eleanor40@aol.com,FIAT,Accountant,85000.0
Maria,Barnes,maria_barnes@live.com,Oldsmobile,Brand Administrator,45000.0
elsey,Hill,elsey.margaret.hill@hotmail.com,Toyota,Assistant Development Administrator,245000.0
Timothy,Richardson,timothy.richardson@live.com,Jeep,Relations Consultant,125000.0
Taylor,Long,t_long@gmail.com,BMW,Assistant Planning Specialist,245000.0
William,Sanchez,wsanchez@yahoo.com,Chevrolet,Assistant Accountant,55000.0
Brianna,Jenins,brianna.jenins@live.com,Porsche,Support Administrator,165000.0
Aaron,Carter,aaron.carter@ymail.com,Chevrolet,Assistant Analyst,75000.0
Christopher,Coo,c.coo@ymail.com,GMC,Analyst,95000.0
Thomas,Morris,thomas_m_morris@ymail.com,Chrysler,Head Account Director,65000.0
Zachary,Garcia,z_d_garcia20@rocetmail.com,Dodge,Mareter,185000.0
Sofia,Clar,sofia_r_clar@gmail.com,Chevrolet,Principal Relations Director,45000.0
aitlyn,Ramirez,.ramirez@gmail.com,Dodge,Junior Analyst,215000.0
Brittany,Jones,b.j@ymail.com,Volswagen,Associate Relations Administrator,45000.0
Stephanie,Cox,s.cox83@yahoo.com,Dodge,Junior Service Administrator,285000.0
Sarah,Martinez,s_martinez@live.com,Ford,Mareter,185000.0
Joshua,Jones,joshua.jones42@gmail.com,Chevrolet,Service Executive,145000.0
Charles,Rivera,charleswilliamrivera@aol.com,INFINITI,Lead Engineering Executive,95000.0
Julian,Ward,j_j_ward58@aol.com,Mitsubishi,Development Executive,145000.0
Brittany,Anderson,brittanyanderson51@gmail.com,Chevrolet,Junior Mareter,165000.0
Emily,Jones,emilyjones@outloo.com,Volvo,Assistant Sales Executive,35000.0
Brandon,Moore,b.moore@live.com,Chevrolet,Editor,125000.0
Theodore,Lewis,talewis@outloo.com,Lexus,Budget Specialist,95000.0
Richard,Bennett,richard.joseph.bennett@live.com,Porsche,Account Executive,245000.0
Hannah,Howard,hhoward@gmail.com,Cadillac,Operations Director,85000.0
Christina,Waler,christinawaler@aol.com,Audi,Lead Support Specialist,45000.0
Evelyn,Roberts,emroberts@yahoo.com,Suzui,Lead Support Specialist,55000.0
Rachel,Long,rmlong@aol.com,Mercedes-Benz,Sales Administrator,165000.0
Oliver,Parer,oliver.parer@gmail.com,Cadillac,Operations Administrator,105000.0
Chelsea,elly,chelsea.elly@rocetmail.com,Lincoln,Planning Consultant,35000.0
Matthew,Howard,m_howard@yahoo.com,Chevrolet,Head Operations Manager,95000.0
Hannah,Powell,h.r.powell@hotmail.com,Nissan,Junior Operations Consultant,75000.0
Ryan,Johnson,r.johnson79@ymail.com,Toyota,Editing Director,145000.0
Steven,Bryant,steveneugenebryant@ymail.com,Mitsubishi,Principal Brand Executive,35000.0
Sebastian,Gonzales,s_j_gonzales@aol.com,Hyundai,Assistant Support Executive,245000.0
Rachel,Bryant,rachel@rocetmail.com,Nissan,Senior Research Specialist,285000.0
Tiffany,Jenins,t.jenins46@live.com,Toyota,Relations Specialist,215000.0
Allison,Davis,allisonadavis@outloo.com,INFINITI,Account Executive,245000.0
Erin,Lewis,erinlewis@gmail.com,Ferrari,Junior Account Director,95000.0
Aaron,Perez,a.perez@gmail.com,Ford,Accounting Consultant,185000.0
Christina,Hernandez,c_hernandez@rocetmail.com,Chevrolet,Lead Operations Executive,95000.0
elsey,Hill,elsey_@yahoo.com,Nissan,Strategist,105000.0
Rachel,Clar,rclar@live.com,Mitsubishi,Account Administrator,75000.0
Dylan,Barnes,d.d.barnes@yahoo.com,Ford,Head Mareting Director,65000.0
Anna,Campbell,a_campbell@live.com,GMC,Head Engineering Consultant,165000.0
aitlyn,Coleman,aitlyn_ay_coleman@rocetmail.com,Scion,Engineering Executive,55000.0
Taylor,Lee,taylorllee@rocetmail.com,Volvo,Principal Content Specialist,285000.0
Richard,Perry,r_w@hotmail.com,Mercedes-Benz,Engineer,45000.0
Joseph,Parer,jparer@outloo.com,Bentley,Analyst,185000.0
Owen,Patterson,opatterson99@hotmail.com,Volswagen,Customer Care Consultant,145000.0
Elizabeth,Adams,elizabeth_r_adams@outloo.com,GMC,Operations Executive,85000.0
Ashley,Wilson,a.wilson@rocetmail.com,Jaguar,Principal Planning Administrator,145000.0
Grace,Clar,grace_anne_clar@yahoo.com,Nissan,Sales Administrator,285000.0
Danielle,Cooper,d_a_cooper@outloo.com,Porsche,Associate Brand Consultant,185000.0
Haley,Carter,h_m23@outloo.com,BMW,Lead Sales Specialist,125000.0
imberly,Foster,.r@yahoo.com,Toyota,Analyst,45000.0
Benjamin,Harris,benjaminjohn@outloo.com,FIAT,Research Specialist,245000.0
Emma,Scott,e.scott36@gmail.com,Ram,Editing Manager,35000.0
James,Price,j_price77@yahoo.com,Honda,Junior Planning Manager,165000.0
Patric,Patterson,p.patterson@hotmail.com,Lincoln,Assistant Account Consultant,215000.0
Brianna,Perry,brianna@hotmail.com,Acura,Head Account Director,165000.0
Nathan,Edwards,nathan.edwards@hotmail.com,Chevrolet,Engineering Executive,215000.0
Patric,Broos,p.d.broos@yahoo.com,Dodge,Head Planning Specialist,125000.0
Alexandra,Waler,a.m.waler@live.com,Land Rover,Sales Rep,65000.0
Sean,Hall,s.a@aol.com,Cadillac,Assistant Content Consultant,105000.0
Claire,James,claire_r_james@ymail.com,GMC,Research Manager,65000.0
Michael,Gray,m_gray@aol.com,Mercedes-Benz,Senior Support Manager,55000.0
Claire,Morgan,claire_n_morgan@yahoo.com,Mercury,Principal Planning Administrator,215000.0
Samantha,Coo,samantha.coo78@aol.com,Subaru,Relations Consultant,85000.0
Michael,Edwards,m.edwards@live.com,Dodge,Lead Content Manager,165000.0
Nathan,Waler,n_waler@gmail.com,Porsche,Relations Director,185000.0
Emma,Parer,eparer8@aol.com,GMC,Support Administrator,285000.0
David,Collins,david.collins@ymail.com,Volvo,Planning Director,45000.0
yle,Ramirez,yle_james@ymail.com,Aston Martin,Lead Account Manager,165000.0
Jonathan,Ward,jeward@live.com,Honda,Planning Consultant,85000.0
Thomas,Thomas,td@yahoo.com,Ram,Associate Finance Specialist,75000.0
Aubrey,Washington,aubreymwashington@gmail.com,Hyundai,Sales Rep,95000.0
Rebecca,Johnson,rebecca_johnson@aol.com,Jeep,Accountant,55000.0
Abigail,Morris,a__morris@ymail.com,Jaguar,Planning Manager,55000.0
Layla,Butler,laylamichellebutler@hotmail.com,Buic,Budget Manager,185000.0
Mateo,Alexander,m_l_alexander@yahoo.com,Ford,Accountant,55000.0
Mar,Bryant,mar_bryant@ymail.com,Toyota,Strategist,125000.0
imberly,Collins,imberly_faith_collins@rocetmail.com,Subaru,Budget Director,45000.0
Jose,Griffin,jose.alan.griffin6@gmail.com,GMC,Strategist,75000.0
evin,Richardson,_richardson@aol.com,Acura,Senior Account Manager,165000.0
Richard,Flores,richard.d.flores@ymail.com,Honda,Principal Content Administrator,145000.0
evin,Lopez,evin.scott@live.com,Dodge,Principal Research Specialist,185000.0
Mar,Lewis,marlewis95@hotmail.com,Mercedes-Benz,Senior Research Executive,165000.0
Jose,Diaz,j.diaz@rocetmail.com,Ford,Content Specialist,75000.0
Audrey,Howard,a.g@ymail.com,Chrysler,Brand Executive,95000.0
Gabriel,Young,g.a.young@ymail.com,GMC,Lead Finance Specialist,125000.0
Charlotte,Coo,ccoo@aol.com,Ram,Planning Director,145000.0
Alexander,Flores,alexander.flores28@hotmail.com,Ford,Associate Mareting Specialist,285000.0
Stephanie,Anderson,stephanie.anne.anderson29@hotmail.com,Chevrolet,Lead Editing Manager,55000.0
Joseph,Murphy,jrmurphy36@gmail.com,Mercedes-Benz,Head Sales Rep,245000.0
Thomas,Nelson,thomas_nelson@gmail.com,GMC,Principal Research Administrator,65000.0
Aaron,Jones,a.jones@rocetmail.com,Ford,Principal Content Manager,55000.0
Stephanie,Ward,slward70@hotmail.com,Chevrolet,Head Account Administrator,215000.0
Rachel,Wright,rachel_lee_wright@outloo.com,Mitsubishi,Head Brand Director,215000.0
Layla,Coo,layla_ruth_coo@aol.com,Buic,Sales Manager,245000.0
Sofia,Baer,sbaer@rocetmail.com,Ford,Junior Sales Rep,245000.0
Lauren,Jenins,lauren_lynn_jenins@ymail.com,Chevrolet,Junior Budget Consultant,35000.0
Danielle,Diaz,danielle_diaz55@ymail.com,GMC,Accounting Director,165000.0
Ryan,Watson,ryan.watson27@yahoo.com,Chrysler,Senior Content Executive,185000.0
Dylan,Davis,dylanmdavis@live.com,Buic,Lead Analyst,85000.0
Allison,Howard,allison.lynn.howard@rocetmail.com,Suzui,Budget Consultant,165000.0
Oliver,Lopez,oliver.lopez@live.com,Mercury,Senior Relations Specialist,285000.0
Amanda,Hughes,a.a.hughes@live.com,Ford,Mareter,285000.0
Aaron,Bryant,a_bryant@ymail.com,Jaguar,Service Director,215000.0
Patric,Cox,p_j@outloo.com,Jeep,Mareting Executive,85000.0
Erin,Roberts,erin.roberts@hotmail.com,Dodge,Lead Strategy Director,285000.0
Alexis,Butler,alexis_butler@hotmail.com,Mercury,Senior Analyst,45000.0
Timothy,Jacson,t.a.jacson@ymail.com,BMW,Content Administrator,185000.0
Rebecca,Thompson,rmthompson22@aol.com,Toyota,Mareting Administrator,105000.0
Sophia,Morris,sophia@live.com,BMW,Principal Brand Director,285000.0
Stephen,Ross,s.w.ross@yahoo.com,BMW,Junior Account Administrator,285000.0
elsey,Howard,elsey.howard@aol.com,Hyundai,Head Developer,55000.0
Brian,Broos,b_broos@outloo.com,Porsche,Customer Care Executive,65000.0
Theodore,Bell,tcbell95@yahoo.com,GMC,Research Manager,55000.0
Sean,Jacson,s_j_jacson@aol.com,Ford,Strategist,95000.0
William,Jenins,wcjenins@aol.com,Dodge,Associate Accountant,95000.0
Steven,Howard,steven@outloo.com,BMW,Relations Consultant,95000.0
Layla,Broos,laylabroos@yahoo.com,ia,Brand Director,165000.0
Gabriel,Watson,gabrielwatson@live.com,Dodge,Brand Consultant,215000.0
Timothy,Cooper,t_w_cooper@outloo.com,Alfa Romeo,Senior Support Director,165000.0
Sebastian,Sanchez,ssanchez@outloo.com,Mercedes-Benz,Senior Account Specialist,45000.0
Jessica,Barnes,jessica.r.barnes@hotmail.com,ia,Brand Director,95000.0
Brianna,Hernandez,brianna_hernandez@rocetmail.com,Chevrolet,Principal Research Consultant,145000.0
Jose,Hill,josehill@yahoo.com,Pontiac,Developer,125000.0
Ryan,Diaz,r_r_diaz99@rocetmail.com,Ram,Associate Planning Specialist,75000.0
William,Miller,wamiller37@ymail.com,Oldsmobile,Development Manager,65000.0
Eric,Morgan,ericmorgan@aol.com,Ford,Senior Brand Director,95000.0
Sofia,Hall,s_hall@aol.com,Chevrolet,Analyst,95000.0
Richard,Russell,r.l.russell@rocetmail.com,Chevrolet,Analyst,165000.0
Oliver,Adams,oliverjamesadams@hotmail.com,Ford,Senior Research Director,55000.0
Michael,Long,michaeljosephlong@live.com,Audi,Head Budget Consultant,245000.0
Charlotte,Edwards,c_edwards@aol.com,Cadillac,Finance Administrator,105000.0
evin,Wright,_w_wright@yahoo.com,BMW,Lead Budget Manager,285000.0
Mateo,ing,mateo.ing20@ymail.com,Mercury,Assistant Account Administrator,215000.0
Lillian,Lewis,lillianlewis39@yahoo.com,Honda,Mareter,55000.0
Michael,Jenins,mj@hotmail.com,Nissan,Finance Director,165000.0
Eric,Perez,eric_david_perez98@gmail.com,Mercedes-Benz,Principal Accountant,165000.0
Lauren,Waler,lauren.m.waler59@outloo.com,Audi,Lead Operations Specialist,85000.0
yle,Brown,yle.r@gmail.com,Chevrolet,Senior Operations Administrator,245000.0
Owen,Broos,owen_broos@outloo.com,Chrysler,Principal Customer Care Executive,95000.0
Jose,Lewis,jlewis@live.com,Chevrolet,Junior Accountant,55000.0
John,Broos,john_broos@outloo.com,Ram,Service Specialist,145000.0
Timothy,Powell,timothy_a@rocetmail.com,Porsche,Relations Manager,285000.0
Megan,Williams,mgwilliams@ymail.com,Nissan,Principal Budget Consultant,185000.0
Erin,Lopez,elopez@ymail.com,Maserati,Assistant Development Consultant,65000.0
Eric,Bryant,e.j.bryant@gmail.com,BMW,Lead Support Consultant,55000.0
Taylor,Roberts,tmroberts@live.com,Audi,Account Consultant,215000.0
Megan,Smith,m_smith@gmail.com,Chevrolet,Planning Administrator,145000.0
Isabella,Barnes,ibarnes@live.com,Lexus,Planning Administrator,45000.0
Maria,Green,maria_green15@ymail.com,Audi,Lead Support Manager,215000.0
Mar,Rogers,m_rogers@hotmail.com,Chevrolet,Finance Director,65000.0
yle,Henderson,yle.ray.henderson@live.com,Ford,Head Budget Manager,45000.0
Isaac,Powell,isaac_a_powell@live.com,Hyundai,Assistant Support Specialist,215000.0
Charlotte,Young,charlotte_l_young@aol.com,Toyota,Assistant Operations Director,105000.0
atherine,Carter,atherinea@hotmail.com,Dodge,Associate Analyst,285000.0
John,Bailey,j_bailey95@rocetmail.com,Mercedes-Benz,Editing Director,125000.0
evin,Rogers,_rogers@gmail.com,ia,Editor,125000.0
Amanda,Hill,a_hill8@gmail.com,Ram,Editing Administrator,85000.0
Aaron,Williams,arwilliams@aol.com,Bentley,Relations Executive,245000.0
Austin,Scott,a.scott@ymail.com,Volvo,Head Mareter,215000.0
Aubrey,Jacson,ajacson@live.com,Volswagen,Associate Research Consultant,165000.0
Haley,Ward,haley_margaret_ward@aol.com,Dodge,Accounting Manager,125000.0
imberly,Lee,.lee@hotmail.com,Lexus,Analyst,65000.0
Alyssa,Gray,algray@yahoo.com,Bentley,Principal Finance Director,105000.0
Aiden,Rogers,a.d.rogers@aol.com,McLaren,Senior Finance Executive,95000.0
Jose,Hayes,j_hayes@aol.com,GMC,Head Analyst,125000.0
Rebecca,Clar,rebecca_faith_clar@outloo.com,Chevrolet,Planning Consultant,245000.0
atherine,Edwards,.edwards@gmail.com,INFINITI,Head Relations Consultant,165000.0
Mar,Williams,mar.williams@outloo.com,Jeep,Lead Customer Care Specialist,245000.0
Benjamin,Henderson,benjamin_joseph@rocetmail.com,Nissan,Assistant Mareter,125000.0
John,Thomas,john.f.thomas@aol.com,GMC,Finance Director,55000.0
Daniel,Bailey,danielbailey@hotmail.com,Porsche,Assistant Strategist,65000.0
Aubrey,Morris,aubreymorris34@aol.com,Lexus,Head Finance Administrator,65000.0
Haley,Green,h_green@gmail.com,Isuzu,Strategy Manager,35000.0
Joshua,Wilson,joshua.wilson@aol.com,Chevrolet,Operations Specialist,165000.0
atherine,Washington,atherine_elizabeth_washington@ymail.com,Chevrolet,Lead Mareter,185000.0
Julian,Jenins,julian@gmail.com,Dodge,Accountant,165000.0
Brittany,Stewart,brittany.m@yahoo.com,MAZDA,Lead Budget Director,45000.0
Jason,Simmons,jason_simmons@rocetmail.com,Dodge,Operations Manager,125000.0
Heather,Thomas,h_l@hotmail.com,Toyota,Principal Service Consultant,65000.0
Brandon,Waler,brandon_j_waler@outloo.com,Mitsubishi,Junior Service Manager,165000.0
Aaron,Hayes,aaroneugenehayes@hotmail.com,Ford,Assistant Account Manager,215000.0
Emma,Price,erprice@rocetmail.com,Subaru,Assistant Service Executive,35000.0
Melissa,Nelson,m.i.nelson@yahoo.com,Nissan,Engineer,285000.0
Isaac,Adams,iaadams46@hotmail.com,Volswagen,Principal Strategy Specialist,165000.0
Sebastian,Ramirez,s_ramirez@yahoo.com,Chevrolet,Lead Mareter,95000.0
Aubrey,Martinez,aubrey.n.martinez@rocetmail.com,Lincoln,Junior Relations Executive,145000.0
Jonathan,Mitchell,jw@hotmail.com,Cadillac,Budget Manager,125000.0
Alyssa,Torres,alyssatorres@aol.com,GMC,Senior Accountant,285000.0
Ryan,Butler,ryan6@outloo.com,Chevrolet,Mareter,65000.0
Sophia,Wright,sophia_l_wright@outloo.com,Volswagen,Principal Support Consultant,215000.0
Gabriel,Bell,gabriel50@hotmail.com,Jaguar,Research Consultant,85000.0
Joseph,Watson,jwatson@outloo.com,Honda,Editor,215000.0
Timothy,Phillips,tm@aol.com,MAZDA,Lead Customer Care Executive,245000.0
Brian,Perry,b_d@yahoo.com,Isuzu,Associate Accounting Specialist,165000.0
Richard,Gonzales,richardr95@yahoo.com,Volswagen,Content Manager,45000.0
Emily,Lee,emily_lee@live.com,Mercedes-Benz,Head Content Specialist,185000.0
Amelia,Wright,amelia.d.wright@gmail.com,Chevrolet,Lead Account Director,245000.0
Julian,Wilson,j_wilson69@gmail.com,Audi,Content Administrator,45000.0
Anthony,Sanders,anthonyalansanders12@yahoo.com,Volvo,Relations Administrator,215000.0
Isaac,Stewart,isaac_william_stewart@outloo.com,Audi,Assistant Sales Rep,35000.0
John,Clar,j_j_clar@ymail.com,Nissan,Principal Account Administrator,75000.0
Ethan,Harris,ethan.a.harris@aol.com,Dodge,Planning Director,45000.0
Tyler,Thomas,t.h.thomas@gmail.com,Volswagen,Service Manager,285000.0
Timothy,Cooper,t_cooper70@live.com,Dodge,Engineer,75000.0
Olivia,Price,olivia.l@gmail.com,GMC,Head Planning Consultant,185000.0
Amber,Morris,a_m_morris@gmail.com,Chevrolet,Relations Director,85000.0
Jac,Torres,j_torres@yahoo.com,Honda,Head Editor,75000.0
Jonathan,Russell,j.russell74@yahoo.com,Mitsubishi,Development Consultant,35000.0
Adam,Howard,a_howard97@outloo.com,Nissan,Assistant Research Consultant,215000.0
Sofia,Clar,sofia.mae.clar@yahoo.com,Plymouth,Principal Mareting Manager,65000.0
Abigail,Watson,abigailwatson73@hotmail.com,Chevrolet,Junior Support Executive,125000.0
ayla,Miller,miller@gmail.com,Jeep,Lead Engineer,285000.0
William,Rodriguez,williamrrodriguez@outloo.com,Ram,Editing Administrator,145000.0
Daniel,Flores,daniel.c.flores@hotmail.com,Jeep,Principal Analyst,45000.0
Joshua,Lewis,j.lewis@yahoo.com,Land Rover,Lead Account Administrator,125000.0
Dylan,Wood,dgwood17@hotmail.com,Chevrolet,Assistant Strategist,85000.0
Justin,Clar,justin_clar@ymail.com,Subaru,Head Analyst,125000.0
Melissa,Collins,melissa_collins@outloo.com,Toyota,Head Content Consultant,185000.0
Samantha,Wilson,samantha_m_wilson83@gmail.com,Chevrolet,Customer Care Director,165000.0
Alexandra,Smith,a_m_smith57@hotmail.com,Ford,Head Mareting Consultant,285000.0
Gabriel,Bailey,gabriel.bailey@outloo.com,Mercury,Planning Executive,35000.0
Sofia,Edwards,sofia.renee.edwards@hotmail.com,Audi,Mareter,35000.0
Michelle,Martin,mrmartin@gmail.com,GMC,Associate Sales Rep,65000.0
Courtney,Patterson,courtney_patterson@hotmail.com,Cadillac,Junior Operations Consultant,165000.0
elsey,Butler,elsey_butler@rocetmail.com,Ford,Junior Analyst,165000.0
Henry,Adams,hadams@live.com,INFINITI,Junior Finance Director,55000.0
Justin,Gray,justin@ymail.com,Audi,Principal Relations Director,95000.0
Nicole,Foster,nicolemargaretfoster3@live.com,Land Rover,Lead Accounting Administrator,85000.0
Aubrey,Bailey,aubrey_bailey93@outloo.com,Nissan,Customer Care Consultant,35000.0
Brianna,Brown,brianna.r.brown@live.com,GMC,Assistant Accountant,35000.0
Henry,Allen,h.allen@yahoo.com,Mercedes-Benz,Analyst,65000.0
Eric,Edwards,el@rocetmail.com,Audi,Content Specialist,45000.0
Sophia,Washington,s.washington@gmail.com,Mercedes-Benz,Operations Administrator,95000.0
Samuel,Simmons,samueljsimmons63@rocetmail.com,Ford,Content Executive,215000.0
Brianna,Young,brianna.j.young18@rocetmail.com,Ford,Head Account Director,105000.0
yle,Powell,yle@ymail.com,Lexus,Development Executive,55000.0
Mary,Stewart,mary.m@gmail.com,Honda,Principal Development Specialist,125000.0
Amelia,Clar,a.m.clar@yahoo.com,Volvo,Research Executive,125000.0
Adam,Bell,a_bell32@ymail.com,Ford,Developer,185000.0
Austin,Phillips,austinjamesphillips30@outloo.com,GMC,Editing Director,35000.0
Oliver,Nelson,oliver_francis_nelson@outloo.com,Chevrolet,Lead Strategist,145000.0
Samuel,Cooper,s.a.cooper24@hotmail.com,Audi,Assistant Account Specialist,185000.0
atherine,Torres,torres86@aol.com,Chevrolet,Research Administrator,35000.0
Sara,Perez,s_r_perez90@ymail.com,Chrysler,Support Administrator,75000.0
Amanda,Rivera,amanda.rivera@yahoo.com,Lexus,Junior Relations Specialist,125000.0
Alexandra,White,awhite@rocetmail.com,Audi,Junior Budget Administrator,245000.0
Jennifer,James,j.l@live.com,Pontiac,Junior Operations Specialist,95000.0
Lillian,Jenins,lillian.ann.jenins@live.com,Maserati,Brand Manager,285000.0
Ava,Howard,avahoward@live.com,McLaren,Head Strategy Consultant,75000.0
Charles,Bell,charlesanthonybell@outloo.com,Eagle,Head Service Specialist,285000.0
Jason,Butler,jason_thomas_butler36@aol.com,Toyota,Lead Finance Specialist,125000.0
Nicole,Bell,nicole@ymail.com,Honda,Associate Mareter,145000.0
William,Lee,wlee@ymail.com,Ford,Accounting Director,95000.0
Isaac,White,isaacleewhite35@aol.com,Honda,Finance Manager,55000.0
Thomas,Rogers,tgrogers@rocetmail.com,Dodge,Head Strategist,35000.0
Ryan,Cox,r_m@hotmail.com,Volvo,Relations Administrator,215000.0
Jasmine,Jenins,jasmine_r_jenins@outloo.com,GMC,Analyst,215000.0
Isabella,Lopez,isabella_m_lopez@ymail.com,Dodge,Lead Account Executive,75000.0
Charlotte,Washington,c.washington45@rocetmail.com,Chrysler,Associate Sales Rep,95000.0
imberly,Ramirez,imberlyreneeramirez@ymail.com,Bentley,Research Consultant,145000.0
Brandon,Henderson,bhenderson@yahoo.com,Volvo,Senior Operations Specialist,45000.0
John,Nelson,john_nelson@live.com,Jaguar,Head Operations Executive,45000.0
Joshua,Moore,joshuamoore@live.com,Land Rover,Accounting Administrator,85000.0
Tyler,Roberts,t_a_roberts@aol.com,Chrysler,Finance Director,145000.0
Melissa,Clar,m.clar90@aol.com,Mercedes-Benz,Head Editor,105000.0
Christopher,Jacson,christopher.jacson@outloo.com,Scion,Principal Analyst,105000.0
Grace,Watson,grace.ruth.watson@live.com,Toyota,Principal Finance Director,65000.0
Jasmine,Coo,jn@live.com,Acura,Principal Service Director,55000.0
Abigail,Hall,abigail_may_hall65@live.com,Chevrolet,Operations Director,245000.0
Abigail,Lee,alee@rocetmail.com,Mitsubishi,Principal Service Consultant,145000.0
Austin,Murphy,ad@ymail.com,Porsche,Support Executive,55000.0
Michelle,Long,michelle.long61@yahoo.com,Mercedes-Benz,Junior Research Specialist,85000.0
Mary,Coo,mgcoo@outloo.com,Dodge,Senior Finance Administrator,85000.0
David,ing,d.j.ing@ymail.com,Bentley,Principal Developer,45000.0
Jennifer,Campbell,jmcampbell@hotmail.com,Porsche,Finance Consultant,85000.0
Charlotte,Broos,charlotte_broos@rocetmail.com,FIAT,Assistant Planning Administrator,125000.0
Ryan,Rodriguez,ryan.rodriguez@gmail.com,Honda,Development Manager,105000.0
Stephanie,Clar,stephanieclar@rocetmail.com,Maserati,Junior Brand Director,95000.0
atherine,Scott,_scott@gmail.com,Chevrolet,Strategist,245000.0
Sophia,Mitchell,smitchell@hotmail.com,Plymouth,Customer Care Manager,145000.0
Megan,Phillips,mphillips47@ymail.com,Jeep,Head Content Administrator,35000.0
Emily,Nelson,e_nelson@outloo.com,Alfa Romeo,Senior Mareting Consultant,185000.0
Hannah,Carter,hcarter@live.com,Cadillac,Research Executive,55000.0
Robert,Taylor,robert_lee_taylor81@ymail.com,Nissan,Principal Support Manager,285000.0
Jonathan,Harris,jonathanrharris@rocetmail.com,Chevrolet,Customer Care Manager,215000.0
Samuel,Price,samuel.alexander.price37@outloo.com,Chevrolet,Head Budget Specialist,45000.0
Theodore,Gonzales,t_e_gonzales@outloo.com,BMW,Lead Support Director,245000.0
Jennifer,Peterson,jpeterson@ymail.com,Lexus,Service Manager,285000.0
Timothy,Diaz,timothy.richard.diaz@yahoo.com,Honda,Budget Consultant,35000.0
Zachary,Wright,z_a@outloo.com,Suzui,Budget Administrator,95000.0
Zachary,Davis,z_m_davis@ymail.com,GMC,Sales Consultant,215000.0
Rachel,Flores,rachelmarieflores@gmail.com,Chevrolet,Account Director,185000.0
Mary,Ross,m.ross@rocetmail.com,Mitsubishi,Principal Content Executive,55000.0
Benjamin,Young,b_s15@aol.com,Honda,Support Director,285000.0
yle,Richardson,ylerichardson@live.com,MAZDA,Senior Finance Administrator,215000.0
Maria,Cooper,m_cooper@gmail.com,Suzui,Senior Engineering Consultant,55000.0
Joseph,Sanders,j_c_sanders@aol.com,MAZDA,Developer,125000.0
Grace,Coleman,g.m.coleman@aol.com,GMC,Analyst,95000.0
Alyssa,Allen,alyssaanneallen@aol.com,Buic,Principal Service Specialist,145000.0
Dylan,Sanders,dylan@yahoo.com,Honda,Assistant Relations Administrator,65000.0
Sean,Wilson,sean.wilson@live.com,Porsche,Lead Service Executive,85000.0
Evelyn,Martin,e_martin@outloo.com,BMW,Strategist,215000.0
Heather,Coo,heatherjeancoo85@rocetmail.com,Toyota,Lead Relations Consultant,145000.0
Rebecca,Thomas,rebecca_mary_thomas37@outloo.com,Toyota,Engineering Specialist,35000.0
Joshua,Ross,joshua_joseph@aol.com,Dodge,Principal Content Consultant,35000.0
Maria,Hall,mariahall@rocetmail.com,BMW,Lead Developer,125000.0
Christopher,Green,c.s.green@live.com,Mercedes-Benz,Lead Service Consultant,45000.0
Courtney,Johnson,c.johnson@hotmail.com,Porsche,Accountant,285000.0
Michelle,Johnson,mjohnson@rocetmail.com,Jeep,Editor,95000.0
Jeremy,Ward,jeremywilliam@gmail.com,Nissan,Junior Mareting Specialist,85000.0
Olivia,Powell,olivia_powell@ymail.com,Dodge,Lead Analyst,95000.0
Lillian,Mitchell,lmitchell@live.com,Toyota,Principal Development Director,185000.0
Charles,Barnes,charles_barnes@aol.com,MAZDA,Customer Care Manager,45000.0
Tiffany,Gray,tiffany_f_gray@aol.com,GMC,Support Executive,105000.0
Rebecca,Johnson,r_m_johnson@aol.com,Jeep,Engineering Specialist,165000.0
Alyssa,Coleman,alyssa@rocetmail.com,Ford,Lead Relations Executive,185000.0
Maria,Reed,mmreed@yahoo.com,Volswagen,Support Specialist,215000.0
Ethan,Phillips,ethanphillips@hotmail.com,Dodge,Junior Engineer,105000.0
Jose,Bryant,j_a_bryant43@rocetmail.com,Plymouth,Content Consultant,165000.0
Dylan,Jacson,djacson@ymail.com,Isuzu,Assistant Finance Manager,185000.0
Zachary,Bennett,z.e.bennett@ymail.com,Chevrolet,Mareter,75000.0
Amelia,Martin,a_r@aol.com,Ferrari,Content Manager,45000.0
Richard,Ward,r.ward26@rocetmail.com,Ram,Engineer,165000.0
Sofia,Turner,s.turner@ymail.com,Nissan,Associate Operations Consultant,165000.0
Charlotte,Green,cgreen56@yahoo.com,Chevrolet,Principal Planning Specialist,75000.0
Gabriel,Parer,gabriel.joseph.parer@aol.com,Toyota,Assistant Accounting Consultant,65000.0
Austin,Davis,austin12@gmail.com,GMC,Brand Manager,95000.0
Lillian,Brown,lbrown@rocetmail.com,GMC,Sales Consultant,245000.0
Benjamin,Bennett,b.j.bennett36@aol.com,Porsche,Service Consultant,125000.0
Daniel,Rogers,d.h@outloo.com,Toyota,Analyst,65000.0
Olivia,Thomas,oliviathomas@ymail.com,Mercedes-Benz,Lead Research Manager,45000.0
Mateo,Robinson,m.d@outloo.com,Chrysler,Finance Manager,105000.0
Julian,Green,j.a.green@gmail.com,MAZDA,Operations Administrator,105000.0
Alexandra,Price,aprice@gmail.com,Mercedes-Benz,Relations Manager,245000.0
Richard,Davis,rj@rocetmail.com,BMW,Junior Developer,75000.0
Michael,Waler,mtwaler@ymail.com,Chevrolet,Head Support Specialist,45000.0
Layla,Bryant,l_d_bryant@ymail.com,Dodge,Analyst,55000.0
Charlotte,Long,charlotte.long@ymail.com,Porsche,Assistant Relations Specialist,55000.0
Alexis,Scott,alexis_irene_scott68@live.com,Nissan,Assistant Planning Specialist,95000.0
Sophia,Torres,storres@gmail.com,Subaru,Lead Operations Consultant,45000.0
Haley,Davis,haleymariedavis@yahoo.com,Volswagen,Planning Manager,215000.0
Taylor,Evans,t_evans@aol.com,Jaguar,Operations Specialist,165000.0
Christina,Thompson,christina_s_thompson@yahoo.com,BMW,Associate Finance Administrator,35000.0
Oliver,Simmons,o.l@outloo.com,Hyundai,Junior Relations Specialist,185000.0
Austin,Rivera,austinandrewrivera@rocetmail.com,Chevrolet,Junior Brand Administrator,185000.0
Alyssa,Hughes,a_j_hughes@live.com,Cadillac,Content Executive,75000.0
Aiden,Reed,aidenanthonyreed90@yahoo.com,BMW,Strategy Director,85000.0
Henry,Miller,hrmiller@hotmail.com,Dodge,Principal Engineer,85000.0
Jonathan,Adams,j_j_adams@aol.com,Mercury,Accountant,215000.0
Erin,Scott,emscott37@hotmail.com,Ferrari,Junior Mareter,75000.0
Michael,Brown,michael.a@aol.com,Ford,Planning Administrator,55000.0
Jasmine,Perry,j.r.perry8@outloo.com,Lexus,Principal Research Manager,65000.0
Gabriel,Powell,g.powell@rocetmail.com,Lamborghini,Principal Planning Administrator,75000.0
Jessica,Perez,jessica_m_perez@yahoo.com,MAZDA,Senior Content Executive,145000.0
Michelle,Hill,michelle.hill@hotmail.com,Nissan,Relations Executive,45000.0
Jennifer,Morgan,jennifer.d.morgan@aol.com,Chevrolet,Sales Rep,165000.0
Heather,White,h.l.white@aol.com,Ford,Associate Accountant,105000.0
Stephanie,Lee,stephanieelizabethlee@rocetmail.com,Buic,Associate Brand Director,55000.0
Aiden,Broos,aidenrichardbroos@aol.com,MAZDA,Research Specialist,145000.0
Justin,Bryant,jbryant@ymail.com,Land Rover,Lead Operations Specialist,125000.0
Zachary,Lopez,z_lopez@yahoo.com,Nissan,Head Customer Care Specialist,125000.0
Daniel,Cooper,daniel.e.cooper@rocetmail.com,Dodge,Principal Research Consultant,215000.0
Jonathan,Taylor,j.r@hotmail.com,Chevrolet,Finance Director,85000.0
David,Hill,d_l_hill@rocetmail.com,GMC,Head Accountant,55000.0
Alexander,White,alexander25@rocetmail.com,Honda,Senior Research Executive,285000.0
Matthew,Lee,mh@rocetmail.com,Chevrolet,Support Executive,125000.0
Layla,Young,l_young@yahoo.com,Ford,Lead Content Director,105000.0
Andrew,Martin,andrew.martin@yahoo.com,Land Rover,Development Specialist,245000.0
Nicholas,Bennett,n.l.bennett@aol.com,Lincoln,Service Executive,285000.0
Michael,Perry,michaelg42@outloo.com,Isuzu,Lead Support Manager,55000.0
Emma,Reed,emma_margaret@yahoo.com,Dodge,Budget Director,185000.0
Eric,Washington,e.washington@hotmail.com,Nissan,Operations Director,35000.0
Aubrey,Parer,aubrey.parer@hotmail.com,Toyota,Mareter,185000.0
John,Parer,john.john.parer@gmail.com,Mitsubishi,Mareter,35000.0
Alyssa,Jacson,alyssa.i.jacson@ymail.com,Chrysler,Head Engineering Executive,75000.0
Laura,Henderson,l_henderson@gmail.com,Mercury,Mareter,285000.0
Charles,Coleman,charlescoleman@gmail.com,Mercedes-Benz,Operations Specialist,245000.0
Olivia,Bailey,oliviadawnbailey@ymail.com,Mercury,Customer Care Consultant,125000.0
Austin,Hayes,austin.hayes@gmail.com,Aston Martin,Senior Editor,215000.0
Amanda,Perry,aaperry@aol.com,Hyundai,Analyst,125000.0
Jonathan,Smith,j.smith@aol.com,Ford,Service Executive,55000.0
Timothy,Mitchell,timothymitchell@aol.com,Mercedes-Benz,Customer Care Administrator,55000.0
evin,Johnson,.johnson@aol.com,Jaguar,Principal Accounting Manager,45000.0
Matthew,Smith,matthew_smith@rocetmail.com,GMC,Assistant Editor,245000.0
Andrew,Phillips,a.r.phillips@aol.com,Ford,Associate Planning Specialist,215000.0
James,Diaz,james.diaz@yahoo.com,Aston Martin,Support Administrator,185000.0
imberly,Collins,collins@live.com,Rolls-Royce,Head Planning Specialist,65000.0
Mar,Carter,mcarter@hotmail.com,Bentley,Assistant Strategy Specialist,35000.0
Jason,Diaz,j.w.diaz43@live.com,Toyota,Associate Budget Specialist,215000.0
Eric,Martinez,eric_j58@live.com,MAZDA,Head Brand Consultant,85000.0
Sara,Brown,sara_brown@aol.com,Dodge,Planning Consultant,245000.0
Benjamin,Thompson,benjaminedwardthompson@ymail.com,Pontiac,Principal Finance Director,125000.0
Mar,Robinson,mrobinson14@ymail.com,Saab,Associate Account Administrator,55000.0
imberly,Williams,awilliams@rocetmail.com,Chrysler,Principal Editing Manager,215000.0
Emily,Butler,emilyjbutler@ymail.com,Cadillac,Principal Development Consultant,105000.0
Henry,Young,h.young@ymail.com,Honda,Head Engineering Director,245000.0
Julian,Hayes,j_c_hayes@outloo.com,smart,Mareter,145000.0
David,Henderson,david.w@ymail.com,GMC,Assistant Mareter,285000.0
Michael,Roberts,mroberts@aol.com,Ford,Development Director,145000.0
Taylor,Hall,taylor.hall@yahoo.com,Saab,Head Customer Care Consultant,95000.0
Justin,Rogers,ja40@live.com,Toyota,Assistant Engineering Consultant,65000.0
Stephen,Hill,stephen@outloo.com,Chevrolet,Account Consultant,65000.0
Joseph,Diaz,joseph_diaz@ymail.com,Chevrolet,Assistant Brand Specialist,245000.0
Audrey,Hill,audrey.a.hill@aol.com,ia,Assistant Planning Administrator,105000.0
Hannah,Miller,hannah.rose.miller@hotmail.com,GMC,Analyst,55000.0
Chelsea,Coo,cmcoo@yahoo.com,Lexus,Junior Sales Specialist,45000.0
Emily,Rogers,e_r_rogers@live.com,Volswagen,Operations Administrator,65000.0
David,Wright,d_a_wright@hotmail.com,Freightliner,Junior Finance Manager,165000.0
Erin,Butler,efbutler@hotmail.com,Mercedes-Benz,Junior Mareter,185000.0
Haley,Ramirez,haley_ramirez@outloo.com,Ford,Analyst,65000.0
Aiden,Martin,a.martin24@outloo.com,Hyundai,Junior Budget Specialist,75000.0
Charlotte,Stewart,c.r.stewart@rocetmail.com,Toyota,Analyst,185000.0
Abigail,Bennett,a_s56@ymail.com,Volvo,Junior Mareter,85000.0
Joseph,Martinez,joseph_edward_martinez@gmail.com,Dodge,Head Account Consultant,35000.0
Jonathan,Jones,jonathan_jones61@rocetmail.com,MAZDA,Associate Developer,85000.0
Steven,Jones,s_m_jones@gmail.com,Ford,Accountant,95000.0
Anthony,Martin,anthony.martin@live.com,Rolls-Royce,Associate Accounting Director,55000.0
Brian,Sanchez,b_sanchez@gmail.com,Buic,Mareter,125000.0
Mar,Russell,mar.a.russell@hotmail.com,Ford,Associate Content Administrator,185000.0
Sean,Nelson,seanjnelson78@aol.com,Oldsmobile,Mareter,125000.0
Danielle,Waler,d_i_waler@outloo.com,Mercedes-Benz,Assistant Brand Consultant,165000.0
Ava,Martin,al@aol.com,Aston Martin,Associate Support Manager,105000.0
Ethan,Miller,e_t@yahoo.com,ia,Lead Editing Specialist,35000.0
Alexander,Ross,alexander.alan.ross@aol.com,Suzui,Associate Relations Executive,145000.0
Eleanor,Harris,eleanor_margaret_harris@aol.com,Ram,Research Executive,105000.0
Emily,Howard,emily_m@yahoo.com,Lexus,Principal Accountant,75000.0
Aaron,Adams,aarondadams@outloo.com,Lamborghini,Developer,75000.0
Sara,Johnson,sarajohnson39@gmail.com,INFINITI,Associate Account Director,215000.0
Jonathan,Parer,jonathanaparer@aol.com,Jeep,Principal Content Manager,45000.0
Daniel,Ward,d.a.ward64@hotmail.com,Toyota,Principal Relations Executive,285000.0
Aubrey,Allen,aubrey_allen@gmail.com,GMC,Planning Administrator,125000.0
evin,Hughes,.h@gmail.com,GMC,Senior Account Consultant,165000.0
Jose,Long,j_g_long90@outloo.com,Mitsubishi,Assistant Research Specialist,245000.0
Dylan,Davis,dmdavis@ymail.com,Mercedes-Benz,Head Customer Care Manager,55000.0
Jac,Wright,j_j_wright@yahoo.com,MAZDA,Head Development Specialist,45000.0
William,Adams,william78@yahoo.com,Suzui,Assistant Service Director,285000.0
Rebecca,Stewart,rebeccastewart@gmail.com,Toyota,Strategist,125000.0
David,Miller,david_miller85@hotmail.com,Aston Martin,Engineering Manager,45000.0
Jessica,Nelson,j.nelson@outloo.com,ia,Assistant Brand Manager,75000.0
Patric,Hayes,patric.alan.hayes@hotmail.com,Cadillac,Lead Operations Consultant,145000.0
Theodore,Rogers,t.w.rogers@gmail.com,ia,Engineering Director,75000.0
Aubrey,Hayes,aubreyhayes@outloo.com,Chevrolet,Head Engineering Specialist,65000.0
Tyler,Cooper,tylermichael8@gmail.com,Cadillac,Junior Finance Consultant,285000.0
Henry,White,hawhite@rocetmail.com,Toyota,Head Content Administrator,105000.0
Thomas,Jones,thomas_d_jones@gmail.com,GMC,Junior Engineering Director,215000.0
Mary,James,m.james66@ymail.com,Chevrolet,Operations Director,145000.0
Zachary,Gonzales,zacharygonzales@ymail.com,Cadillac,Operations Executive,35000.0
Alyssa,Anderson,a_anderson@yahoo.com,Cadillac,Service Manager,245000.0
David,James,d_a_james@yahoo.com,Ford,Customer Care Specialist,165000.0
Evelyn,Powell,er@ymail.com,Ford,Operations Specialist,185000.0
Stephanie,Cooper,stephanie_cooper82@aol.com,Dodge,Assistant Engineer,95000.0
Brianna,Sanders,brianna.sanders66@aol.com,Dodge,Relations Director,145000.0
Brandon,Bell,brandon.t.bell@yahoo.com,Acura,Sales Rep,145000.0
Mateo,Sanchez,mateo.sanchez@rocetmail.com,GMC,Lead Engineering Consultant,185000.0
atherine,Henderson,atherine_henderson@gmail.com,Ford,Service Administrator,185000.0
Ryan,Thompson,ryancharlesthompson@rocetmail.com,Nissan,Lead Analyst,165000.0
Brandon,Peterson,b.peterson@ymail.com,MAZDA,Senior Finance Specialist,125000.0
Nicole,Harris,nicoleleeharris93@ymail.com,ia,Assistant Strategist,245000.0
John,Perez,john@aol.com,GMC,Principal Accountant,185000.0
Joshua,Parer,joshua@gmail.com,Chevrolet,Lead Support Administrator,215000.0
Theodore,Thomas,theodoregeorgethomas@gmail.com,Ford,Finance Manager,35000.0
Amber,Henderson,amber_g_henderson63@rocetmail.com,GMC,Lead Accountant,35000.0
Emma,Rodriguez,e_rodriguez@outloo.com,Ford,Finance Administrator,105000.0
Joshua,Richardson,j.a.richardson@hotmail.com,Chevrolet,Research Administrator,285000.0
Sarah,Bennett,s.a@live.com,MAZDA,Planning Consultant,285000.0
Michael,Murphy,mmurphy@rocetmail.com,BMW,Head Analyst,45000.0
Sofia,Davis,sofiar@live.com,Volvo,Content Executive,215000.0
Victoria,Baer,v_l_baer@hotmail.com,Toyota,Junior Support Director,85000.0
Charlotte,Gonzales,c.a.gonzales@yahoo.com,Suzui,Planning Manager,95000.0
evin,Patterson,evin@hotmail.com,Dodge,Lead Analyst,35000.0
Anna,Howard,anna_m_howard@outloo.com,Lamborghini,Research Manager,85000.0
Eleanor,Waler,eleanor_waler@rocetmail.com,MAZDA,Editor,45000.0
ayla,Green,mgreen@ymail.com,Nissan,Mareting Director,95000.0
Brandon,Baer,brandon_j@aol.com,MAZDA,Customer Care Executive,85000.0
Jessica,Young,jyoung@ymail.com,Volswagen,Associate Customer Care Specialist,165000.0
Ryan,Smith,ryan.smith@gmail.com,MAZDA,Planning Administrator,35000.0
Amelia,Wilson,amelia@ymail.com,Hyundai,Assistant Analyst,85000.0
Charles,Simmons,charles.ray.simmons6@yahoo.com,Volswagen,Planning Administrator,105000.0
Dylan,Collins,d_collins@outloo.com,Jeep,Operations Specialist,45000.0
Jac,Simmons,jsimmons@aol.com,GMC,Planning Director,75000.0
Eleanor,Turner,eleanor_turner@live.com,Toyota,Planning Executive,35000.0
Andrew,Reed,andrew_e@live.com,Mitsubishi,Editor,65000.0
Eric,Turner,eric.s.turner@ymail.com,Toyota,Developer,65000.0
Julian,Mitchell,j_mitchell@aol.com,Mercury,Strategy Administrator,215000.0
Daniel,Wood,d.a.wood@outloo.com,INFINITI,Editing Manager,35000.0
Timothy,Bryant,timothy.s.bryant@ymail.com,Chevrolet,Accountant,85000.0
Sebastian,Morris,sebastianmorris12@gmail.com,Ford,Account Executive,245000.0
Megan,Miller,mlmiller@hotmail.com,MAZDA,Lead Sales Rep,35000.0
Oliver,Russell,oerussell@ymail.com,Nissan,Mareter,215000.0
Eric,Bailey,e.r.bailey1@aol.com,Ford,Support Director,65000.0
elsey,Wright,jwright@aol.com,Jeep,Development Executive,75000.0
Audrey,Adams,a.adams@live.com,BMW,Associate Budget Specialist,165000.0
Matthew,elly,mtelly@hotmail.com,Maserati,Development Manager,75000.0
Tyler,Ramirez,t_ramirez@ymail.com,Buic,Principal Research Manager,65000.0
Rachel,Bailey,rachelbailey@outloo.com,Audi,Planning Consultant,65000.0
Gabriel,Reed,gabrielcreed@gmail.com,Jaguar,Assistant Engineering Specialist,245000.0
Taylor,Washington,taylor.washington@ymail.com,Buic,Mareting Director,185000.0
Jose,Sanchez,j_sanchez@rocetmail.com,Volvo,Strategy Administrator,285000.0
Timothy,Williams,timothywilliams@outloo.com,Chevrolet,Assistant Budget Consultant,105000.0
Isabella,Sanders,isanders@gmail.com,HUMMER,Customer Care Executive,285000.0
Patric,Ward,patric.ward@gmail.com,Chevrolet,Lead Development Executive,165000.0
Brittany,Collins,brittany.ay.collins@hotmail.com,Chevrolet,Lead Editor,85000.0
Stephen,Flores,stephen.thomas.flores43@gmail.com,Toyota,Lead Strategist,125000.0
Sofia,Martinez,sofia_martinez62@ymail.com,Pontiac,Mareting Executive,145000.0
Olivia,Carter,olivia.carter@hotmail.com,Ferrari,Editor,145000.0
Gabriel,Richardson,gabriel_richardson28@aol.com,Nissan,Junior Budget Executive,55000.0
Lauren,Martin,lm@ymail.com,GMC,Analyst,185000.0
yle,Powell,.powell@hotmail.com,MAZDA,Customer Care Executive,185000.0
Taylor,Russell,taylorrussell@yahoo.com,GMC,Head Customer Care Administrator,145000.0
Gabriel,Hughes,g_hughes@ymail.com,Lexus,Budget Executive,65000.0
Grace,Hernandez,g.i.hernandez@outloo.com,Dodge,Principal Customer Care Consultant,165000.0
Eric,Bennett,ericw@gmail.com,MAZDA,Planning Manager,145000.0
Steven,Lee,s_lee@yahoo.com,Chevrolet,Relations Manager,285000.0
Thomas,Jones,tljones@yahoo.com,MAZDA,Mareter,75000.0
Alyssa,Ross,alyssa.ross@gmail.com,Mercedes-Benz,Operations Specialist,285000.0
Nathan,Evans,nathan.l.evans92@hotmail.com,Chevrolet,Principal Account Administrator,105000.0
Justin,Miller,justinmiller@yahoo.com,Honda,Content Specialist,75000.0
Benjamin,Allen,b.allen@live.com,GMC,Planning Specialist,215000.0
Sofia,Green,sofia.green@ymail.com,GMC,Head Account Manager,145000.0
Brian,Bryant,brianbryant@rocetmail.com,Ford,Head Service Manager,105000.0
Sara,Garcia,segarcia79@yahoo.com,Pontiac,Senior Account Administrator,165000.0
Theodore,Gonzales,theodore.gonzales@rocetmail.com,Porsche,Head Brand Specialist,165000.0
Richard,Griffin,richardgriffin@aol.com,Subaru,Lead Support Manager,45000.0
Thomas,Rodriguez,trodriguez@ymail.com,Nissan,Principal Account Manager,95000.0
Tiffany,Clar,tiffany_l_clar@yahoo.com,Chevrolet,Senior Support Manager,55000.0
Erin,Morgan,erin.morgan@ymail.com,Toyota,Editor,95000.0
Jeremy,Baer,jeremylbaer53@yahoo.com,Mercedes-Benz,Senior Mareting Executive,55000.0
Brandon,Hughes,brandon.hughes@ymail.com,BMW,Operations Manager,95000.0
Isabella,Carter,isabellacarter88@aol.com,Dodge,Senior Strategist,75000.0
Brittany,Bailey,brittany.elizabeth.bailey@ymail.com,MAZDA,Senior Research Specialist,165000.0
Olivia,Torres,o_f_torres@aol.com,Chevrolet,Strategy Manager,145000.0
Nathan,Diaz,nathan.r.diaz@live.com,Nissan,Research Manager,105000.0
Christopher,Scott,c.scott@outloo.com,Volswagen,Principal Support Manager,285000.0
Zachary,Reed,zachary.reed@rocetmail.com,Cadillac,Budget Specialist,125000.0
Sebastian,Taylor,s_taylor12@rocetmail.com,Hyundai,Customer Care Executive,95000.0
Alexandra,Hernandez,alexandra_hernandez@hotmail.com,Ford,Head Customer Care Administrator,75000.0
Jose,Bell,jose.robert.bell@live.com,Volvo,Mareting Administrator,55000.0
Emily,Russell,emily..russell57@outloo.com,Scion,Budget Director,105000.0
Stephanie,Campbell,s_campbell@hotmail.com,Chevrolet,Associate Editor,285000.0
aitlyn,Ward,aitlynsueward@yahoo.com,BMW,Brand Consultant,245000.0
Danielle,Powell,d_l_powell@gmail.com,Isuzu,Junior Service Director,145000.0
Joshua,Ward,joshuaward@hotmail.com,ia,Support Director,215000.0
Ethan,Edwards,ethan_richard_edwards60@yahoo.com,Nissan,Strategy Executive,215000.0
Christina,Jacson,christina@aol.com,INFINITI,Associate Planning Manager,215000.0
Emma,Coo,egcoo@live.com,Mercedes-Benz,Strategy Director,285000.0
Aiden,Richardson,arichardson@hotmail.com,Hyundai,Associate Developer,125000.0
Robert,Robinson,robert_f@aol.com,Land Rover,Senior Operations Executive,55000.0
Joseph,Lewis,j_s_lewis@hotmail.com,Lamborghini,Budget Manager,85000.0
Julian,Powell,julian_thomas_powell@aol.com,Aston Martin,Finance Director,165000.0
Gabriel,Thomas,gabriel.thomas69@aol.com,Pontiac,Assistant Account Executive,215000.0
Daniel,Thomas,daniel.robert.thomas29@yahoo.com,Honda,Finance Director,45000.0
Jasmine,Watson,j.watson@yahoo.com,Mitsubishi,Junior Strategy Consultant,75000.0
Joseph,Murphy,joseph.lee.murphy@yahoo.com,Toyota,Research Specialist,95000.0
Heather,Williams,heather.ay.williams33@aol.com,Toyota,Finance Manager,285000.0
Samantha,Broos,samantha.broos@ymail.com,Pontiac,Research Specialist,85000.0
Samantha,Scott,s.l.scott@gmail.com,Chevrolet,Junior Analyst,145000.0
imberly,Gonzales,.m.gonzales@outloo.com,Dodge,Principal Brand Executive,105000.0
Isaac,Bell,ilbell@aol.com,GMC,Lead Budget Administrator,285000.0
Steven,Hughes,s_hughes@outloo.com,BMW,Research Specialist,185000.0
Alexandra,Jones,ajones@live.com,Aston Martin,Sales Specialist,35000.0
Mary,ing,m_a_ing@yahoo.com,Dodge,Service Administrator,65000.0
Chelsea,Russell,chelsea@live.com,Ford,Relations Executive,45000.0
Aubrey,Scott,aubrey.mae.scott@gmail.com,Dodge,Junior Engineering Consultant,245000.0
Lauren,Nelson,l.d@rocetmail.com,Chevrolet,Analyst,75000.0
Jennifer,Simmons,j_simmons@hotmail.com,MAZDA,Head Customer Care Consultant,95000.0
Joseph,Cooper,josephmcooper@ymail.com,Saturn,Senior Customer Care Specialist,285000.0
Brittany,Ward,brittanyrenee@live.com,Chevrolet,Editing Consultant,245000.0
Gabriel,Foster,g.foster@rocetmail.com,Rolls-Royce,Operations Administrator,165000.0
Michael,Anderson,m.a.anderson@aol.com,Cadillac,Lead Customer Care Director,45000.0
Melissa,Ward,m.ward@gmail.com,Cadillac,Assistant Content Specialist,125000.0
Eric,Lopez,ericflopez@gmail.com,Ford,Brand Director,45000.0
Rebecca,Richardson,rrichardson@yahoo.com,Chevrolet,Mareter,65000.0
Christina,Robinson,crobinson@outloo.com,Chrysler,Editing Administrator,185000.0
Dylan,Powell,dylan_w_powell15@live.com,GMC,Lead Strategist,35000.0
atherine,Cox,atherine.renee.cox@yahoo.com,Chevrolet,Budget Manager,65000.0
Richard,Johnson,richard.a.johnson@gmail.com,Audi,Head Research Manager,185000.0
Brandon,Reed,b.reed@gmail.com,GMC,Engineering Executive,95000.0
Theodore,Wright,twwright@gmail.com,smart,Accountant,55000.0
Michael,Cox,michael.a@aol.com,Audi,Operations Specialist,45000.0
Charlotte,Green,c.l.green@hotmail.com,Ford,Junior Research Specialist,245000.0
Grace,Lewis,g.lewis@yahoo.com,Dodge,Head Sales Specialist,125000.0
elsey,Russell,.russell@outloo.com,Toyota,Lead Sales Specialist,45000.0
Danielle,Hayes,daniellehayes@live.com,BMW,Customer Care Administrator,85000.0
Sean,Taylor,sean_f@rocetmail.com,Hyundai,Head Operations Consultant,145000.0
Isaac,Morgan,isaac@gmail.com,BMW,Planning Specialist,185000.0
Courtney,Smith,courtney_l_smith@gmail.com,Toyota,Head Strategist,165000.0
Alyssa,Thomas,a.m.thomas@aol.com,Chrysler,Brand Executive,55000.0
Adam,Wright,adamwright70@aol.com,Pontiac,Relations Director,185000.0
Daniel,Long,da@live.com,Tesla,Lead Operations Manager,285000.0
Ethan,Peterson,epeterson@outloo.com,Buic,Principal Brand Director,55000.0
Sean,Cooper,s.a.cooper75@rocetmail.com,Saturn,Customer Care Administrator,105000.0
Jennifer,Griffin,jennifer_a@aol.com,BMW,Lead Planning Director,215000.0
Austin,Griffin,a_griffin16@aol.com,Buic,Lead Accountant,215000.0
Samantha,Reed,s_reed@rocetmail.com,GMC,Assistant Finance Specialist,105000.0
Stephen,Richardson,stephenrichardson@hotmail.com,Audi,Brand Consultant,55000.0
Brian,Watson,brian_wayne@yahoo.com,Porsche,Principal Customer Care Administrator,245000.0
Erin,Jenins,erin@yahoo.com,Freightliner,Relations Director,145000.0
imberly,Nelson,rnelson@outloo.com,Chevrolet,Content Manager,85000.0
Mar,White,mar.white67@outloo.com,Mercury,Support Director,95000.0
Joseph,Sanders,joseph_charles_sanders@outloo.com,Tesla,Sales Manager,125000.0
Nicole,Mitchell,nicole_mitchell@gmail.com,Ford,Customer Care Consultant,145000.0
atherine,Rodriguez,.rodriguez@live.com,Dodge,Sales Executive,285000.0
Sarah,Torres,sarah_m_torres@hotmail.com,Acura,Lead Service Manager,215000.0
aitlyn,Coo,aitlyn.coo@rocetmail.com,Porsche,Junior Operations Consultant,35000.0
aitlyn,Long,_n_long@gmail.com,Toyota,Head Developer,245000.0
elsey,Rivera,elsey@hotmail.com,Lexus,Analyst,145000.0
Sean,Rogers,s.rogers@hotmail.com,Cadillac,Mareting Specialist,55000.0
Matthew,Rogers,m.rogers@gmail.com,Mitsubishi,Brand Specialist,95000.0
Dylan,Johnson,d.g.johnson@gmail.com,Ford,Sales Executive,65000.0
Amber,Simmons,amber_simmons@yahoo.com,Ford,Associate Research Manager,95000.0
Audrey,Clar,a.clar@yahoo.com,Nissan,Mareter,185000.0
James,Hughes,jshughes60@hotmail.com,GMC,Operations Manager,75000.0
Stephanie,Jones,stephanie_jones@rocetmail.com,Toyota,Engineering Specialist,45000.0
Sofia,Powell,spowell@yahoo.com,Nissan,Support Administrator,95000.0
Michelle,Foster,michelle_foster@live.com,Plymouth,Senior Analyst,65000.0
Christopher,Hughes,christopherg@gmail.com,Mercedes-Benz,Junior Developer,45000.0
Joshua,Bennett,j.bennett@aol.com,Nissan,Lead Budget Executive,215000.0
Jonathan,Moore,jmoore@rocetmail.com,Audi,Senior Engineer,145000.0
Alyssa,Phillips,alyssa_phillips@outloo.com,GMC,Junior Finance Specialist,75000.0
aitlyn,James,_l_james16@hotmail.com,Land Rover,Account Manager,125000.0
Chelsea,Collins,chelsea_anne_collins@outloo.com,Nissan,Head Research Specialist,85000.0
Nicholas,Butler,n.m@aol.com,GMC,Junior Operations Director,285000.0
Joshua,Martinez,j_a_martinez@hotmail.com,Mitsubishi,Junior Editor,165000.0
Ashley,Richardson,ashley.richardson@live.com,Chrysler,Engineering Specialist,215000.0
